name:ID                       ,type
大数据训练,ArtificialIntelligence
对抗训练,ArtificialIntelligence
深度强化,ArtificialIntelligence
麦卡锡,ArtificialIntelligence
15%验证数据,ArtificialIntelligence
SOAH假说,ArtificialIntelligence
人类思维黑箱,ArtificialIntelligence
人脑加工,ArtificialIntelligence
人认识和适应周围世界的过程,ArtificialIntelligence
偶然性,ArtificialIntelligence
关联推理阶段,ArtificialIntelligence
内容通路,ArtificialIntelligence
判断活动,ArtificialIntelligence
前额叶,ArtificialIntelligence
功能模拟,ArtificialIntelligence
加工产物觉知,ArtificialIntelligence
动机描述,ArtificialIntelligence
华生,ArtificialIntelligence
可视化技术,ArtificialIntelligence
可解释性神话破除,ArtificialIntelligence
同化概念,ArtificialIntelligence
同性AI,ArtificialIntelligence
哲学的一部分,ArtificialIntelligence
大数据,ArtificialIntelligence
大脑语言处理,ArtificialIntelligence
奖励机制,ArtificialIntelligence
左侧角回,ArtificialIntelligence
左额叶,ArtificialIntelligence
干预引擎,ArtificialIntelligence
应对变化,ArtificialIntelligence
强人工智能,ArtificialIntelligence
心智,ArtificialIntelligence
心理测量,ArtificialIntelligence
思维信息处理,ArtificialIntelligence
情感唤醒,ArtificialIntelligence
意识模型,ArtificialIntelligence
成像概念,ArtificialIntelligence
成果汇报,ArtificialIntelligence
探索阶段,ArtificialIntelligence
攀登计划,ArtificialIntelligence
新知识,ArtificialIntelligence
日本脑科学时代计划,ArtificialIntelligence
时间进程,ArtificialIntelligence
智能辅导系统,ArtificialIntelligence
概念关系网络,ArtificialIntelligence
欧盟监管框架,ArtificialIntelligence
水平解释,ArtificialIntelligence
清华大学,ArtificialIntelligence
溯因推理,ArtificialIntelligence
理解力缺失,ArtificialIntelligence
生成式策略,ArtificialIntelligence
疲劳调控,ArtificialIntelligence
知识内化,ArtificialIntelligence
研究范围,ArtificialIntelligence
神经成像,ArtificialIntelligence
神经解剖方法,ArtificialIntelligence
神经调控研究,ArtificialIntelligence
积木式组合,ArtificialIntelligence
童年时期,ArtificialIntelligence
算法模型,ArtificialIntelligence
精神世界研究,ArtificialIntelligence
系统整合,ArtificialIntelligence
统一性,ArtificialIntelligence
考核机制,ArtificialIntelligence
脑组织区层次实现认知,ArtificialIntelligence
自主选题,ArtificialIntelligence
自然交流范式,ArtificialIntelligence
自适应引擎,ArtificialIntelligence
自适应教育,ArtificialIntelligence
色彩搭配,ArtificialIntelligence
艺术创作,ArtificialIntelligence
计算分析,ArtificialIntelligence
计算认识论,ArtificialIntelligence
认知主义片面性,ArtificialIntelligence
认知偏差模型,ArtificialIntelligence
认知心理学,ArtificialIntelligence
认知架构,ArtificialIntelligence
认知范式,ArtificialIntelligence
记忆加工,ArtificialIntelligence
记忆系统,ArtificialIntelligence
词汇凝聚,ArtificialIntelligence
语篇世界,ArtificialIntelligence
跨文本关系,ArtificialIntelligence
阅读注视模式,ArtificialIntelligence
陈述性知识,ArtificialIntelligence
非局部回路,ArtificialIntelligence
麦库洛克,ArtificialIntelligence
